condition,prompt_index,negative_kind,positive,negative,margin,resamples,unique_roots
p1_related,1,related,0.28993030451238155,0.13940277136862278,0.15052753314375877,1,6
p1_unrelated,1,unrelated,0.27304916456341743,0.03432776941917837,0.23872139514423907,2,3
p2_related,2,related,0.2452982682734728,0.11876452248543501,0.12653374578803778,0,8
p2_unrelated,2,unrelated,0.2559057027101517,0.10351479053497314,0.15239091217517853,1,5
p3_related,3,related,0.254385806620121,0.1476030983030796,0.1067827083170414,0,8
p3_unrelated,3,unrelated,0.2584449052810669,0.08733443543314934,0.17111046984791756,1,5
p4_related,4,related,0.2849273197352886,0.13810374680906534,0.14682357292622328,0,8
p4_unrelated,4,unrelated,0.26963083632290363,0.007153476122766733,0.2624773602001369,2,4
p5_related,5,related,0.2865053080022335,0.16277029924094677,0.12373500876128674,1,6
p5_unrelated,5,unrelated,0.28239845857024193,0.0951028810814023,0.18729557748883963,0,8
